https://www.thesmartcalculator.com/br,
https://www.thesmartcalculator.com/br/financeiro,financeiro
https://www.thesmartcalculator.com/br/financeiro/simulador-hipoteca,simulador hipoteca
https://www.thesmartcalculator.com/br/financeiro/calculadora-de-emprestimo,calculadora de emprestimo
https://www.thesmartcalculator.com/br/financeiro/calculadora-de-juros-compostos,calculadora de juros compostos
https://www.thesmartcalculator.com/br/financeiro/calculadora-de-inflacao,calculadora de inflacao
https://www.thesmartcalculator.com/br/financeiro/calculadora-de-juros,calculadora de juros
https://www.thesmartcalculator.com/br/financeiro/calculadora-de-pagamento,calculadora de pagamento
https://www.thesmartcalculator.com/br/financeiro/calculadora-financeira,calculadora financeira
https://www.thesmartcalculator.com/br/financeiro/calculadora-401k,calculadora 401k
https://www.thesmartcalculator.com/br/financeiro/calculadora-de-quitacao-de-dividas,calculadora de quitacao de dividas
https://www.thesmartcalculator.com/br/financeiro/calculadora-de-acessibilidade-a-habitacao,calculadora de acessibilidade a habitacao
https://www.thesmartcalculator.com/br/financeiro/calculadora-de-imposto-sobre-heranca,calculadora de imposto sobre heranca
https://www.thesmartcalculator.com/br/financeiro/simulador-de-cartao-de-credito,simulador de cartao de credito
https://www.thesmartcalculator.com/br/financeiro/calculadora-de-cartao-de-credito,calculadora de cartao de credito
https://www.thesmartcalculator.com/br/financeiro/calculadora-de-pagamento-de-anuidade,calculadora de pagamento de anuidade
https://www.thesmartcalculator.com/br/financeiro/calculadora-de-anuidades,calculadora de anuidades
https://www.thesmartcalculator.com/br/financeiro/simulador-da-previdencia,simulador da previdencia
https://www.thesmartcalculator.com/br/financeiro/calculadora-de-pensao,calculadora de pensao
https://www.thesmartcalculator.com/br/financeiro/calculadora-de-poupanca,calculadora de poupanca
https://www.thesmartcalculator.com/br/financeiro/calculadora-de-casamento,calculadora de casamento
https://www.thesmartcalculator.com/br/financeiro/calculadora-de-impostos-sobre-vendas,calculadora de impostos sobre vendas
https://www.thesmartcalculator.com/br/financeiro/calculadora-de-aluguel,calculadora de aluguel
https://www.thesmartcalculator.com/br/financeiro/calculadora-de-taxa-de-juros,calculadora de taxa de juros
https://www.thesmartcalculator.com/br/financeiro/calculadora-de-imposto-de-renda,calculadora de imposto de renda
https://www.thesmartcalculator.com/br/financeiro/calculadora-de-salario,calculadora de salario
https://www.thesmartcalculator.com/br/financeiro/calculadora-de-financiamento-de-veiculo,calculadora de financiamento de veiculo
https://www.thesmartcalculator.com/br/financeiro/calculadora-de-amortizacao,calculadora de amortizacao
https://www.thesmartcalculator.com/br/financeiro/calculadora-de-quitacao-da-hipoteca,calculadora de quitacao da hipoteca
https://www.thesmartcalculator.com/br/financeiro/calculadora-de-moedas,calculadora de moedas
https://www.thesmartcalculator.com/br/financeiro/calculadora-de-investimentos,calculadora de investimentos
https://www.thesmartcalculator.com/br/financeiro/calculadora-de-aposentadoria,calculadora de aposentadoria
,
https://www.thesmartcalculator.com/br/saude,saude
https://www.thesmartcalculator.com/br/saude/calculadora-imc,calculadora imc
https://www.thesmartcalculator.com/br/saude/calculadora-de-calorias,calculadora de calorias
https://www.thesmartcalculator.com/br/saude/calculadora-de-gravidez,calculadora de gravidez
https://www.thesmartcalculator.com/br/saude/calculadora-de-concepcao-de-gravidez,calculadora de concepcao de gravidez
https://www.thesmartcalculator.com/br/saude/calculadora-de-ganho-de-peso-na-gravidez,calculadora de ganho de peso na gravidez
https://www.thesmartcalculator.com/br/saude/calculadora-de-calorias-queimadas,calculadora de calorias queimadas
https://www.thesmartcalculator.com/br/saude/calculadora-data-de-vencimento,calculadora data de vencimento
https://www.thesmartcalculator.com/br/saude/calculadora-de-ritmo,calculadora de ritmo
https://www.thesmartcalculator.com/br/saude/calculadora-de-uma-repeticao-maxima,calculadora de uma repeticao maxima
https://www.thesmartcalculator.com/br/saude/calculadora-de-gordura-corporal-do-exercito,calculadora de gordura corporal do exercito
https://www.thesmartcalculator.com/br/saude/calculadora-de-frequencia-cardiaca-alvo,calculadora de frequencia cardiaca alvo
https://www.thesmartcalculator.com/br/saude/calculadora-de-proteina,calculadora de proteina
https://www.thesmartcalculator.com/br/saude/calculadora-de-peso-saudavel,calculadora de peso saudavel
https://www.thesmartcalculator.com/br/saude/calculadora-de-consumo-de-gordura,calculadora de consumo de gordura
https://www.thesmartcalculator.com/br/saude/calculadora-de-carboidratos,calculadora de carboidratos
https://www.thesmartcalculator.com/br/saude/calculadora-de-ovulacao,calculadora de ovulacao
https://www.thesmartcalculator.com/br/saude/calculadora-de-massa-corporal-magra,calculadora de massa corporal magra
https://www.thesmartcalculator.com/br/saude/calculadora-gdet,calculadora gdet
https://www.thesmartcalculator.com/br/saude/calculadora-de-concepcao,calculadora de concepcao
https://www.thesmartcalculator.com/br/saude/calculadora-tfg,calculadora tfg
https://www.thesmartcalculator.com/br/saude/calculadora-imc-anorexico,calculadora imc anorexico
https://www.thesmartcalculator.com/br/saude/calculadora-de-peso-ideal,calculadora de peso ideal
https://www.thesmartcalculator.com/br/saude/calculadora-de-sobrepeso,calculadora de sobrepeso
https://www.thesmartcalculator.com/br/saude/calculadora-de-biotipo-corporal,calculadora de biotipo corporal
https://www.thesmartcalculator.com/br/saude/calculadora-de-periodo-fertil,calculadora de periodo fertil
https://www.thesmartcalculator.com/br/saude/calculadora-tmb,calculadora tmb
https://www.thesmartcalculator.com/br/saude/calculadora-de-pontos-vigilantes-do-peso,calculadora de pontos vigilantes do peso
https://www.thesmartcalculator.com/br/saude/calculadora-de-area-de-superficie-corporal,calculadora de area de superficie corporal
https://www.thesmartcalculator.com/br/saude/calculadora-de-bac,calculadora de bac
https://www.thesmartcalculator.com/br/saude/calculadora-de-gordura-corporal,calculadora de gordura corporal
https://www.thesmartcalculator.com/br/saude/calculadora-macro,calculadora macro
https://www.thesmartcalculator.com/br/saude/calculadora-de-calorias-de-rucking,calculadora de calorias de rucking
,
https://www.thesmartcalculator.com/br/matematica,matematica
https://www.thesmartcalculator.com/br/matematica/calculadora-de-porcentagem,calculadora de porcentagem
https://www.thesmartcalculator.com/br/matematica/calculadora-de-regra-empirica,calculadora de regra empirica
https://www.thesmartcalculator.com/br/matematica/calculadora-de-curva-de-raiz-quadrada,calculadora de curva de raiz quadrada
https://www.thesmartcalculator.com/br/matematica/calculadora-de-erro-percentual,calculadora de erro percentual
https://www.thesmartcalculator.com/br/matematica/calculadora-de-ponto-critico,calculadora de ponto critico
https://www.thesmartcalculator.com/br/matematica/calculadora-de-extremos-relativos,calculadora de extremos relativos
https://www.thesmartcalculator.com/br/matematica/calculadora-regra-de-simpson,calculadora regra de simpson
https://www.thesmartcalculator.com/br/matematica/calculadora-teorema-do-valor-medio,calculadora teorema do valor medio
https://www.thesmartcalculator.com/br/matematica/gerador-de-numero-aleatorio,gerador de numero aleatorio
https://www.thesmartcalculator.com/br/matematica/calculadora-cientifica,calculadora cientifica
https://www.thesmartcalculator.com/br/matematica/calculadora-de-volume,calculadora de volume
,
https://www.thesmartcalculator.com/br/fisica,fisica
https://www.thesmartcalculator.com/br/fisica/calculadora-de-projecao-ortogonal,calculadora de projecao ortogonal
https://www.thesmartcalculator.com/br/fisica/calculadora-de-velocidade,calculadora de velocidade
https://www.thesmartcalculator.com/br/fisica/calculadora-de-coeficiente-balistico,calculadora de coeficiente balistico
https://www.thesmartcalculator.com/br/fisica/calculadora-de-velocidade-de-flecha,calculadora de velocidade de flecha
https://www.thesmartcalculator.com/br/fisica/calculadora-de-distancia-de-salto-de-carro,calculadora de distancia de salto de carro
https://www.thesmartcalculator.com/br/fisica/calculadora-de-conservacao-de-momento,calculadora de conservacao de momento
,
https://www.thesmartcalculator.com/br/construcao,construcao
https://www.thesmartcalculator.com/br/construcao/calculadora-de-pe-de-tabua,calculadora de pe de tabua
https://www.thesmartcalculator.com/br/construcao/calculadora-de-base-para-pavimentacao,calculadora de base para pavimentacao
https://www.thesmartcalculator.com/br/construcao/calculadora-de-metros-cubicos,calculadora de metros cubicos
https://www.thesmartcalculator.com/br/construcao/calculadora-de-galoes-por-pe-quadrado,calculadora de galoes por pe quadrado
https://www.thesmartcalculator.com/br/construcao/calculadora-de-tamanho-para-peso-cuboide-retangular,calculadora de tamanho para peso cuboide retangular
https://www.thesmartcalculator.com/br/construcao/calculadora-de-pes-quadrados-para-jardas-cubicas,calculadora de pes quadrados para jardas cubicas
,
https://www.thesmartcalculator.com/br/alimento,alimento
https://www.thesmartcalculator.com/br/alimento/calculadora-de-manteiga,calculadora de manteiga
https://www.thesmartcalculator.com/br/alimento/calculadora-de-forma-de-bolo,calculadora de forma de bolo
https://www.thesmartcalculator.com/br/alimento/calculadora-de-medidas-culinarias,calculadora de medidas culinarias
https://www.thesmartcalculator.com/br/alimento/conversor-de-macarrao-cru-para-cozido,conversor de macarrao cru para cozido
https://www.thesmartcalculator.com/br/alimento/calculadora-de-xicaras-para-libras,calculadora de xicaras para libras
,
https://www.thesmartcalculator.com/br/esportes,esportes
https://www.thesmartcalculator.com/br/esportes/calculadora-de-media-de-rebatidas,calculadora de media de rebatidas
https://www.thesmartcalculator.com/br/esportes/calculadora-de-media-de-corridas-ganhas,calculadora de media de corridas ganhas
https://www.thesmartcalculator.com/br/esportes/calculadora-de-porcentagem-de-defesa,calculadora de porcentagem de defesa
https://www.thesmartcalculator.com/br/esportes/calculadora-de-arremesso-independente-de-defesa,calculadora de arremesso independente de defesa
https://www.thesmartcalculator.com/br/esportes/calculadora-do-numero-magico,calculadora do numero magico
,
https://www.thesmartcalculator.com/br/software,software
https://www.thesmartcalculator.com/br/software/calculadora-de-custo-de-site,calculadora de custo de site
https://www.thesmartcalculator.com/br/software/calculadora-de-dinheiro-youtube,calculadora de dinheiro youtube
https://www.thesmartcalculator.com/br/software/calculadora-de-custo-de-app,calculadora de custo de app
,
https://www.thesmartcalculator.com/br/negocios,negocios
https://www.thesmartcalculator.com/br/negocios/calculadora-de-ponto-de-equilibrio,calculadora de ponto de equilibrio
https://www.thesmartcalculator.com/br/negocios/calculadora-de-custos-de-abertura,calculadora de custos de abertura
,
https://www.thesmartcalculator.com/br/outro,outro
https://www.thesmartcalculator.com/br/calculadora-de-custo-de-reboque,calculadora de custo de reboque
https://www.thesmartcalculator.com/br/calculadora-de-idade,calculadora de idade
https://www.thesmartcalculator.com/br/calculadora-de-funcao-por-partes-e-graficador,calculadora de funcao por partes e graficador
https://www.thesmartcalculator.com/br/calculadora-de-epe,calculadora de epe
https://www.thesmartcalculator.com/br/calculadora-de-pensao-alimenticia-de-indiana,calculadora de pensao alimenticia de indiana
https://www.thesmartcalculator.com/br/calculadora-gpa,calculadora gpa
https://www.thesmartcalculator.com/br/calculadora-de-altura,calculadora de altura
https://www.thesmartcalculator.com/br/calculadora-desub-rede-ip,calculadora desub rede ip