https://www.thesmartcalculator.com/de,Taschenrechner Online
,
https://www.thesmartcalculator.com/de/finanziell,finanziell
https://www.thesmartcalculator.com/de/finanziell/hypotheken-rechner,hypotheken rechner
https://www.thesmartcalculator.com/de/finanziell/kreditrechner,kreditrechner
https://www.thesmartcalculator.com/de/finanziell/zinseszinsrechner,zinseszinsrechner
https://www.thesmartcalculator.com/de/finanziell/inflationsrechner,inflationsrechner
https://www.thesmartcalculator.com/de/finanziell/zinsrechner,zinsrechner
https://www.thesmartcalculator.com/de/finanziell/zahlungsrechner,zahlungsrechner
https://www.thesmartcalculator.com/de/finanziell/finanz-rechner,finanz rechner
https://www.thesmartcalculator.com/de/finanziell/401-k-rechner,401k rechner
https://www.thesmartcalculator.com/de/finanziell/schulden-tilgungsrechner,schulden tilgungsrechner
https://www.thesmartcalculator.com/de/finanziell/haus-erschwinglichkeitsrechner,haus erschwinglichkeitsrechner
https://www.thesmartcalculator.com/de/finanziell/erbschaftsteuerrechner,erbschaftsteuerrechner
https://www.thesmartcalculator.com/de/finanziell/kreditkarten-tilgungsrechner,kreditkarten tilgungsrechner
https://www.thesmartcalculator.com/de/finanziell/kreditkartenrechner,kreditkartenrechner
https://www.thesmartcalculator.com/de/finanziell/rentenzahlung,rentenzahlung
https://www.thesmartcalculator.com/de/finanziell/leibrentenrechner,leibrentenrechner
https://www.thesmartcalculator.com/de/finanziell/sozialversicherungsrechner,sozialversicherungsrechner
https://www.thesmartcalculator.com/de/finanziell/pensionsrechner,pensionsrechner
https://www.thesmartcalculator.com/de/finanziell/sparrechner,sparrechner
https://www.thesmartcalculator.com/de/finanziell/hochzeitsrechner,hochzeitsrechner
https://www.thesmartcalculator.com/de/finanziell/umsatz-steuer-calulcator-rechner,umsatz steuer rechner
https://www.thesmartcalculator.com/de/finanziell/mietrechner,mietrechner
https://www.thesmartcalculator.com/de/finanziell/zinssatzrechner,zinssatzrechner
https://www.thesmartcalculator.com/de/finanziell/einkommen-steuer-rechner,einkommen-steuer-rechner
https://www.thesmartcalculator.com/de/finanziell/gehaltsrechner,gehaltsrechner
https://www.thesmartcalculator.com/de/finanziell/autokreditrechner,autokreditrechner
https://www.thesmartcalculator.com/de/finanziell/tilgungsrechner,tilgungsrechner
https://www.thesmartcalculator.com/de/finanziell/hypotheken-ruckzahlung-rechner,hypotheken ruckzahlung rechner
https://www.thesmartcalculator.com/de/finanziell/wahrungsrechner,wahrungsrechner
https://www.thesmartcalculator.com/de/finanziell/investitionsrechner,investitionsrechner
https://www.thesmartcalculator.com/de/finanziell/altersrentenrechner,altersrentenrechner
,
,
https://www.thesmartcalculator.com/de/gesundheit,gesundheit
https://www.thesmartcalculator.com/de/gesundheit/bmi-rechner,bmi rechner
https://www.thesmartcalculator.com/de/gesundheit/kalorienrechner,kalorienrechner
https://www.thesmartcalculator.com/de/gesundheit/schwangerschaftsrechner,schwangerschaftsrechner
https://www.thesmartcalculator.com/de/gesundheit/schwangerschaft-empfangnis-rechner,schwangerschaft-empfangnis rechner
https://www.thesmartcalculator.com/de/gesundheit/schwangerschaft-gewichtszunahme-rechner,schwangerschaft gewichtszunahme rechner
https://www.thesmartcalculator.com/de/gesundheit/kalorien-verbrauch-rechner,kalorien verbrauch rechner
https://www.thesmartcalculator.com/de/gesundheit/fristenrechner,fristenrechner
https://www.thesmartcalculator.com/de/gesundheit/temporechner,temporechner
https://www.thesmartcalculator.com/de/gesundheit/ein-rap-rechner,ein rap rechner
https://www.thesmartcalculator.com/de/gesundheit/army-korperfettrechner,army korperfettrechner
https://www.thesmartcalculator.com/de/gesundheit/herzfrequenz-rechner,herzfrequenz rechner
https://www.thesmartcalculator.com/de/gesundheit/protien-aufnahme-rechner,protien aufnahme rechner
https://www.thesmartcalculator.com/de/gesundheit/gesundes-gewicht-rechner,gesundes gewicht rechner
https://www.thesmartcalculator.com/de/gesundheit/fett-aufnahme-rechner,fett aufnahme rechner
https://www.thesmartcalculator.com/de/gesundheit/kohlenhydrate-rechner,kohlenhydrate rechner
https://www.thesmartcalculator.com/de/gesundheit/eisprungrechner,eisprungrechner
https://www.thesmartcalculator.com/de/gesundheit/malterr-korpro-masse-rechner,malterr korpro masse rechner
https://www.thesmartcalculator.com/de/gesundheit/tdee-rechner,tdee rechner
https://www.thesmartcalculator.com/de/gesundheit/empfangnisrechner,empfangnisrechner
https://www.thesmartcalculator.com/de/gesundheit/gfr-rechner,gfr rechner
https://www.thesmartcalculator.com/de/gesundheit/anorektisch-bmi-rechner,anorektisch bmi rechner
https://www.thesmartcalculator.com/de/gesundheit/idealgewicht-rechner,idealgewicht rechner
https://www.thesmartcalculator.com/de/gesundheit/uebergewicht-rechner,uebergewicht rechner
https://www.thesmartcalculator.com/de/gesundheit/korperform-rechner,korperform rechner
https://www.thesmartcalculator.com/de/gesundheit/periodenrechner,periodenrechner
https://www.thesmartcalculator.com/de/gesundheit/bmr-rechner,bmr rechner
https://www.thesmartcalculator.com/de/gesundheit/weight-watchers-punkte-berechnen,weight watchers punkte berechnen
https://www.thesmartcalculator.com/de/gesundheit/berechnung-der-korperoberflache,berechnung der korperoberflache
https://www.thesmartcalculator.com/de/gesundheit/blutalkohol-berechnen,blutalkohol berechnen
https://www.thesmartcalculator.com/de/gesundheit/korperfettrechner,korperfettrechner
https://www.thesmartcalculator.com/de/gesundheit/makro-rechner,makro rechner
https://www.thesmartcalculator.com/de/gesundheit/rucking-kalorien-rechner,rucking kalorien rechner
,
,
https://www.thesmartcalculator.com/de/mathe,mathe
https://www.thesmartcalculator.com/de/mathe/prozentrechner,prozentrechner
https://www.thesmartcalculator.com/de/mathe/empirischer-regelrechner,empirischer regelrechner
https://www.thesmartcalculator.com/de/mathe/quadratwurzel-kurven-rechner,quadratwurzel kurven rechner
https://www.thesmartcalculator.com/de/mathe/prozent-fehler-rechner,prozent fehler rechner
https://www.thesmartcalculator.com/de/mathe/kritische-punkte-rechner,kritische punkte rechner
https://www.thesmartcalculator.com/de/mathe/relative-extrema-rechner,relative extrema rechner
https://www.thesmartcalculator.com/de/mathe/simpsons-regel-rechner,simpsons regel rechner
https://www.thesmartcalculator.com/de/mathe/durchschnittsrechner,durchschnittsrechner
https://www.thesmartcalculator.com/de/mathe/zufall-zahl-generator-rechner,zufall zahl rechner
https://www.thesmartcalculator.com/de/mathe/wissenschaftlicher-taschenrechner,wissenschaftlicher taschenrechner
https://www.thesmartcalculator.com/de/mathe/volumenrechner,volumenrechner
,
,
https://www.thesmartcalculator.com/de/physik,physik
https://www.thesmartcalculator.com/de/physik/orthogonale-projektionsrechner,orthogonale projektionsrechner
https://www.thesmartcalculator.com/de/physik/geschwindigkeitsrechner,geschwindigkeitsrechner
https://www.thesmartcalculator.com/de/physik/ballistisch-koeffizient-rechner,ballistisch koeffizient rechner
https://www.thesmartcalculator.com/de/physik/pfeil-geschwindigkeit-rechner,pfeil geschwindigkeit rechner
https://www.thesmartcalculator.com/de/physik/entfernungsrechner,entfernungsrechner
https://www.thesmartcalculator.com/de/physik/erhaltung-of-impuls-rechner,erhaltung of impuls rechner
,
,
https://www.thesmartcalculator.com/de/konstruktion,konstruktion
https://www.thesmartcalculator.com/de/konstruktion/brett-fub-rechner,brett fub rechner
https://www.thesmartcalculator.com/de/konstruktion/pflasterunterbau-rechner,pflasterunterbau rechner
https://www.thesmartcalculator.com/de/konstruktion/kubik-yard-rechner,kubik yard rechner
https://www.thesmartcalculator.com/de/konstruktion/gallonen-pro-quadrat-fub-rechner,gallonen pro quadrat fub rechner
https://www.thesmartcalculator.com/de/konstruktion/grobe-to-gewicht-rechteckig-quader-rechner,grobeto gewicht rechteckig quader rechner
https://www.thesmartcalculator.com/de/konstruktion/quadrat-fub-to-kubik-yards-rechner,quadrat fub to kubik yards rechner
,
,
https://www.thesmartcalculator.com/de/essen,essen
https://www.thesmartcalculator.com/de/essen/butter-rechner,butter rechner
https://www.thesmartcalculator.com/de/essen/kuchenform-rechner,kuchenform rechner
https://www.thesmartcalculator.com/de/essen/koch-messung-rechner,koch messung rechner
https://www.thesmartcalculator.com/de/essen/trocken-to-gekocht-nudeln-rechner,trocken to gekocht nudeln rechner
https://www.thesmartcalculator.com/de/essen/tassen-to-pfund-rechner,tassen to pfund rechner
,
,
https://www.thesmartcalculator.com/de/sport,sport
https://www.thesmartcalculator.com/de/sport/schlag-durchschnitt-rechner,schlag durchschnitt rechner
https://www.thesmartcalculator.com/de/sport/verdient-lauf-durchschnitt-rechner,verdient lauf durchschnitt rechner
https://www.thesmartcalculator.com/de/sport/feld-prozent-rechner,feld prozent rechner
https://www.thesmartcalculator.com/de/sport/feld-unabhangig-werfen-rechner,feld unabhangig werfen rechner
https://www.thesmartcalculator.com/de/sport/magisch-zahl-rechner,magisch zahl rechner
,
https://www.thesmartcalculator.com/de/andere,andere
https://www.thesmartcalculator.com/de/abschleppkosten-rechner,abschleppkosten rechner
https://www.thesmartcalculator.com/de/alter-rechner,alter rechner
https://www.thesmartcalculator.com/de/stuckweise-funktion-rechner-grafik-rechner,stuckweise funktion rechner grafik rechner
https://www.thesmartcalculator.com/de/rpe-rechner,rpe rechner
https://www.thesmartcalculator.com/de/indiana-kind-unterhalt-rechner,indiana kind unterhalt rechner
https://www.thesmartcalculator.com/de/zeit-rechner,zeit rechner
https://www.thesmartcalculator.com/de/notendurchschnitt-rechner,notendurchschnitt rechner
https://www.thesmartcalculator.com/de/groben-rechner,groben rechner
https://www.thesmartcalculator.com/de/ip-subnetz-rechner,ip subnetz rechner