https://www.thesmartcalculator.com/es,calculadora en línea
,
https://www.thesmartcalculator.com/es/financiero,financiero
https://www.thesmartcalculator.com/es/financiero/simulador-de-hipoteca,simulador de hipoteca
https://www.thesmartcalculator.com/es/financiero/calculadora-de-prestamos,calculadora de prestamos
https://www.thesmartcalculator.com/es/financiero/calculadora-de-interes-compuesto,calculadora de interes compuesto
https://www.thesmartcalculator.com/es/financiero/calculadora-de-inflacion,calculadora de inflacion
https://www.thesmartcalculator.com/es/financiero/calculo-de-intereses,calculo de intereses
https://www.thesmartcalculator.com/es/financiero/calculadora-de-pago,calculadora de pago
https://www.thesmartcalculator.com/es/financiero/calculadora-financiera,calculadora financiera
https://www.thesmartcalculator.com/es/financiero/calculadora-de-401k,calculadora de 401k
https://www.thesmartcalculator.com/es/financiero/calculadora-de-pago-de-deudas,calculadora de pago de deudas
https://www.thesmartcalculator.com/es/financiero/calculadora-de-asequibilidad-de-vivienda,calculadora de asequibilidad de vivienda
https://www.thesmartcalculator.com/es/financiero/calculadora-del-impuesto-sobre-el-patrimonio,calculadora del impuesto sobre el patrimonio
https://www.thesmartcalculator.com/es/financiero/calculadora-de-pago-de-tarjeta-de-credito,calculadora de pago de tarjeta de credito
https://www.thesmartcalculator.com/es/financiero/calculadora-de-tarjetas-de-credito,calculadora de tarjetas de credito
https://www.thesmartcalculator.com/es/financiero/calculadora-de-pagos-de-anualidades,calculadora de pagos de anualidades
https://www.thesmartcalculator.com/es/financiero/calculadora-de-anualidad,calculadora de anualidad
https://www.thesmartcalculator.com/es/financiero/calculadora-de-seguridad-social,calculadora de seguridad social
https://www.thesmartcalculator.com/es/financiero/simulador-de-pensiones,simulador de pensiones
https://www.thesmartcalculator.com/es/financiero/calculadora-de-ahorro,calculadora de ahorro
https://www.thesmartcalculator.com/es/financiero/calculadora-de-matrimonio,calculadora de matrimonio
https://www.thesmartcalculator.com/es/financiero/calculadora-del-impuesto-sobre-las-ventas,calculadora del impuesto sobre las ventas
https://www.thesmartcalculator.com/es/financiero/calculadora-de-alquiler,calculadora de alquiler
https://www.thesmartcalculator.com/es/financiero/calculadora-de-tasas-de-interes,calculadora de tasas de interes
https://www.thesmartcalculator.com/es/financiero/calculadora-de-impuesto-sobre-la-renta,calculadora de impuesto sobre la renta
https://www.thesmartcalculator.com/es/financiero/calculadora-de-salario,calculadora de salario
https://www.thesmartcalculator.com/es/financiero/calculadora-de-prestamos-de-auto,calculadora de prestamos de auto
https://www.thesmartcalculator.com/es/financiero/calculadora-de-amortizacion,calculadora de amortizacion
https://www.thesmartcalculator.com/es/financiero/calculadora-de-liquidacion-de-hipotecas,calculadora de liquidacion de hipotecas
https://www.thesmartcalculator.com/es/financiero/conversor-de-divisas,conversor de divisas
https://www.thesmartcalculator.com/es/financiero/calculadora-de-inversiones,calculadora de inversiones
https://www.thesmartcalculator.com/es/financiero/simulador-de-jubilacion,simulador de jubilacion
,
,
https://www.thesmartcalculator.com/es/salud,salud
https://www.thesmartcalculator.com/es/salud/calculadora-imc,calculadora imc
https://www.thesmartcalculator.com/es/salud/calculadora-de-calorias,calculadora de calorias
https://www.thesmartcalculator.com/es/salud/calculadora-de-embarazo,calculadora de embarazo
https://www.thesmartcalculator.com/es/salud/calculadora-de-fecha-de-concepcion,calculadora de fecha de concepcion
https://www.thesmartcalculator.com/es/salud/calculadora-de-aumento-de-peso-durante-el-embarazo,calculadora de aumento de peso durante el embarazo
https://www.thesmartcalculator.com/es/salud/calculadora-de-calorias-quemadas,calculadora de calorias quemadas
https://www.thesmartcalculator.com/es/salud/calculadora-de-fecha-de-vencimiento,calculadora de fecha de vencimiento
https://www.thesmartcalculator.com/es/salud/calculadora-de-ritmos,calculadora de ritmos
https://www.thesmartcalculator.com/es/salud/calculadora-de-una-repeticion-maxima,calculadora de una repeticion maxima
https://www.thesmartcalculator.com/es/salud/calculadora-de-grasa-corporal-del-ejercito,calculadora de grasa corporal del ejercito
https://www.thesmartcalculator.com/es/salud/calculadora-de-frecuencia-cardiaca-objetivo,calculadora de frecuencia cardiaca objetivo
https://www.thesmartcalculator.com/es/salud/calculadora-de-proteinas,calculadora de proteinas
https://www.thesmartcalculator.com/es/salud/calculadora-de-peso-saludable,calculadora de peso saludable
https://www.thesmartcalculator.com/es/salud/calculadora-de-ingesta-de-grasas,calculadora de ingesta de grasas
https://www.thesmartcalculator.com/es/salud/calculadora-de-carbohidratos,calculadora de carbohidratos
https://www.thesmartcalculator.com/es/salud/calculadora-de-la-ovulacion,calculadora de la ovulacion
https://www.thesmartcalculator.com/es/salud/calculadora-de-masa-corporal-magra,calculadora de masa corporal magra
https://www.thesmartcalculator.com/es/salud/calculadora-tdee,calculadora tdee
https://www.thesmartcalculator.com/es/salud/calculadora-de-concepcion,calculadora de concepcion
https://www.thesmartcalculator.com/es/salud/calculadora-de-tfg,calculadora de tfg
https://www.thesmartcalculator.com/es/salud/calculadora-de-imc-anorexica,calculadora de imc anorexica
https://www.thesmartcalculator.com/es/salud/calculadora-de-peso-ideal,calculadora de peso ideal
https://www.thesmartcalculator.com/es/salud/calculadora-de-sobrepeso,calculadora de sobrepeso
https://www.thesmartcalculator.com/es/salud/calculadora-de-tipo-de-cuerpo,calculadora de tipo de cuerpo
https://www.thesmartcalculator.com/es/salud/calculadora-menstrual,calculadora menstrual
https://www.thesmartcalculator.com/es/salud/calculadora-del-metabolismo-basal,calculadora del metabolismo basal
https://www.thesmartcalculator.com/es/salud/calculadora-de-puntos-weight-watchers,calculadora de puntos weight watchers
https://www.thesmartcalculator.com/es/salud/calculadora-de-superficie-corporal,calculadora de superficie corporal
https://www.thesmartcalculator.com/es/salud/calculadora-de-alcohol-en-sangre,calculadora de alcohol en sangre
https://www.thesmartcalculator.com/es/salud/calculadora-de-grasa-corporal,calculadora de grasa corporal
https://www.thesmartcalculator.com/es/salud/calculadora-de-macros,calculadora de macros
https://www.thesmartcalculator.com/es/salud/calculadora-de-calorias-de-rucking,calculadora de calorias de rucking
,
,
https://www.thesmartcalculator.com/es/matematicas,matematicas
https://www.thesmartcalculator.com/es/matematicas/calculadora-de-porcentajes,calculadora de porcentajes
https://www.thesmartcalculator.com/es/matematicas/calculadora-de-regla-empirica,calculadora de regla empirica
https://www.thesmartcalculator.com/es/matematicas/calculadora-de-curva-de-raiz-cuadrada,calculadora de curva de raiz cuadrada
https://www.thesmartcalculator.com/es/matematicas/calculadora-de-error-porcentual,calculadora de error porcentual
https://www.thesmartcalculator.com/es/matematicas/calculadora-de-puntos-criticos,calculadora de puntos criticos
https://www.thesmartcalculator.com/es/matematicas/calculadora-de-extremos-relativos,calculadora de extremos relativos
https://www.thesmartcalculator.com/es/matematicas/calculadora-de-la-regla-de-simpson,calculadora de la regla de simpson
https://www.thesmartcalculator.com/es/matematicas/calculadora-teorema-valor-medio,calculadora teorema valor medio
https://www.thesmartcalculator.com/es/matematicas/generador-de-numeros-aleatorios,generador de numeros aleatorios
https://www.thesmartcalculator.com/es/matematicas/calculadora-cientifica,calculadora cientifica
https://www.thesmartcalculator.com/es/matematicas/calculadora-de-volumen,calculadora de volumen
,
,
https://www.thesmartcalculator.com/es/fisica,fisica
https://www.thesmartcalculator.com/es/fisica/calculadora-de-proyeccion-ortogonal,calculadora de proyeccion ortogonal
https://www.thesmartcalculator.com/es/fisica/calculadora-de-velocidad,calculadora de velocidad
https://www.thesmartcalculator.com/es/fisica/calculadora-balistica,calculadora balistica
https://www.thesmartcalculator.com/es/fisica/calculadora-de-velocidad-de-flecha,calculadora de velocidad de flecha
https://www.thesmartcalculator.com/es/fisica/calculadora-da-distancia-de-salto-do-carro,calculadora da distancia de salto do carro
https://www.thesmartcalculator.com/es/fisica/calculadora-da-conservacao-do-momento,calculadora da conservacao do momento
,
,
https://www.thesmartcalculator.com/es/construccion,construccion
https://www.thesmartcalculator.com/es/construccion/calculadora-de-pes-quadrados,calculadora de pes quadrados
https://www.thesmartcalculator.com/es/construccion/calculadora-de-base-para-pavimento,calculadora de base para pavimento
https://www.thesmartcalculator.com/es/construccion/calculadora-de-metros-cubicos,calculadora de metros cubicos
https://www.thesmartcalculator.com/es/construccion/calculadora-de-galones-por-pie-cuadrado,calculadora de galones por pie cuadrado
https://www.thesmartcalculator.com/es/construccion/calculo-del-peso-del-tubo-rectangular,calculo del peso del tubo rectangular
https://www.thesmartcalculator.com/es/construccion/calculadora-de-yardas-cubicas,calculadora de yardas cubicas
,
https://www.thesmartcalculator.com/es/alimentos,alimentos
https://www.thesmartcalculator.com/es/alimentos/convertidor-de-mantequilla,convertidor de mantequilla
https://www.thesmartcalculator.com/es/alimentos/convertidor-de-moldes-para-pasteles,convertidor de moldes para pasteles
https://www.thesmartcalculator.com/es/alimentos/convertidor-de-medidas-de-cocina,convertidor de medidas de cocina
https://www.thesmartcalculator.com/es/alimentos/pasta-seca-para-cocinar,pasta seca para cocinar
https://www.thesmartcalculator.com/es/alimentos/tazas-a-libras,tazas a libras
,
https://www.thesmartcalculator.com/es/deportes,deportes
https://www.thesmartcalculator.com/es/deportes/calculadora-de-promedio-de-bateo,calculadora de promedio de bateo
https://www.thesmartcalculator.com/es/deportes/promedio-de-carreras-limpias,promedio de carreras limpias
https://www.thesmartcalculator.com/es/deportes/calculadora-del-porcentaje-de-fildeo,calculadora del porcentaje de fildeo
https://www.thesmartcalculator.com/es/deportes/calculadora-fip,calculadora fip
https://www.thesmartcalculator.com/es/deportes/numeros-magicos-para-ganar-loteria,numeros magicos para ganar loteria
,
,
https://www.thesmartcalculator.com/es/software,software
https://www.thesmartcalculator.com/es/software/calculadora-de-costo-de-sitio-web,calculadora de costo de sitio web
https://www.thesmartcalculator.com/es/software/calculadora-de-dinero-youtube,calculadora de dinero youtube
https://www.thesmartcalculator.com/es/software/calculadora-de-costo-de-app,calculadora de costo de app
,
,
https://www.thesmartcalculator.com/es/negocios,negocios
https://www.thesmartcalculator.com/es/negocios/calculadora-de-punto-de-equilibrio,calculadora de punto de equilibrio
https://www.thesmartcalculator.com/es/negocios/calculadora-de-costos-de-inicio,calculadora de costos de inicio
,
https://www.thesmartcalculator.com/es/otra,otra
https://www.thesmartcalculator.com/es/calculadora-de-costos-de-remolque,calculadora de costos de remolque
https://www.thesmartcalculator.com/es/calculadora-de-edad,calculadora de edad
https://www.thesmartcalculator.com/es/calculadora-de-funciones-por-tramos,calculadora de funciones por tramos
https://www.thesmartcalculator.com/es/calculadora-rpe,calculadora rpe
https://www.thesmartcalculator.com/es/calculadora-de-manutencion-infantil,calculadora de manutencion infantil
https://www.thesmartcalculator.com/es/calculadora-de-tiempo,calculadora de tiempo
https://www.thesmartcalculator.com/es/calculadora-de-gpa,calculadora de gpa
https://www.thesmartcalculator.com/es/calculadora-de-altura,calculadora de altura
https://www.thesmartcalculator.com/es/calculadora-subnet,calculadora subnet