URL,Status,Title,Title Length,Indexable
"https://thesmartcalculator.com","200","Smart Calculator - Free Online Calculators for Every Need","57","No"
"https://thesmartcalculator.com/","200","Smart Calculator - Free Online Calculators for Every Need","57","No"
"https://thesmartcalculator.com/community","200","Community - The Smart Calculator","32","No"
"https://thesmartcalculator.com/about-us","200","About Smart Calculator - Free Online Calculator Platform","56","No"
"https://thesmartcalculator.com/contact-us","200","Contact Us – TheSmartCalculator","31","No"
"https://thesmartcalculator.com/privacy-policy","200","Privacy Policy – TheSmartCalculator","35","No"
"https://thesmartcalculator.com/terms-and-conditions","200","Terms and Conditions – TheSmartCalculator","41","No"
"https://thesmartcalculator.com/editorial-policy-mission-statement","200","Editorial Policy & Mission Statement - TheSmartCalculator","57","No"
"https://thesmartcalculator.com/financial","200","Best Free Online Financial Calculators 2026","43","No"
"https://thesmartcalculator.com/health","200","Health and Fitness Calculators","30","No"
"https://thesmartcalculator.com/maths","200","Mathematics Calculator Online | Free & Best Tools","49","No"
"https://thesmartcalculator.com/physics","200","Best Physics Calculator Online Free with AI Solver","50","No"
"https://thesmartcalculator.com/construction","200","Construction Calculators","24","No"
"https://thesmartcalculator.com/food","200","Food Calculators Measurement Converters & Recipe Tools","54","No"
"https://thesmartcalculator.com/sports","200","Sports Calculator","17","No"
"https://thesmartcalculator.com/games","200","Free Online Games - Wordle & More | TheSmartCalculator","54","No"
"https://thesmartcalculator.com/other-calculators","200","Other Calculators","17","No"
"https://thesmartcalculator.com/software","200","Software Calculator – Web & IT Development Tools | TheSmartCalculator","69","No"
"https://thesmartcalculator.com/business","200","Business Calculator – Startup & Entrepreneurship Tools | TheSmartCalculator","75","No"
"https://thesmartcalculator.com/financial/mortgage-calculator","200","Mortgage Calculator","19","No"
"https://thesmartcalculator.com/health/bmi-calculator","200","BMI Calculator","14","No"
"https://thesmartcalculator.com/financial/loan-calculator","200","Loan Calculator","15","No"
"https://thesmartcalculator.com/maths/percentage-calculator","200","Percentage Calculator","21","No"
"https://thesmartcalculator.com/financial/compound-interest-calculator","200","Compound Interest Calculator","28","No"
"https://thesmartcalculator.com/health/calorie-calculator","200","Calorie Calculator - Daily Calorie Intake","41","No"
"https://thesmartcalculator.com/auth/signin","200","Sign In - The Smart Calculator","30","No"
"https://thesmartcalculator.com/profile/smart-calculators","200","smart calculators's Profile - Community","39","No"
"https://thesmartcalculator.com/community/post/apple-iphone-18-pro-max-early-thoughts","200","Apple iPhone 18 Pro Max – Early Thoughts? - Community","53","No"
"https://thesmartcalculator.com/profile/flip-jinn","200","flip jinn's Profile - Community","31","No"
"https://thesmartcalculator.com/community/post/arc-raiders-no-map-conditions","200","Arc Raiders No Map Conditions - Community","41","No"
"https://thesmartcalculator.com/financial/inflation-calculator","200","Inflation Calculator Value of Money Over Time","45","No"
"https://thesmartcalculator.com/financial/interest-calculator","200","Interest Calculator","19","No"
"https://thesmartcalculator.com/financial/payment-calculator","200","Payment Calculator","18","No"
"https://thesmartcalculator.com/financial/finance-calculator","200","Finance Calculator Savings & Investment Planning","48","No"
"https://thesmartcalculator.com/financial/401k-calculator","200","401k Calculator","15","No"
"https://thesmartcalculator.com/financial/debt-payoff-calculator","200","Debt Payoff Calculator","22","No"
"https://thesmartcalculator.com/financial/house-affordability-calculator","200","House Affordability Calculator How Much Home You Can Buy","56","No"
"https://thesmartcalculator.com/financial/estate-tax-calculator","200","Estate Tax Calculator Online Estate Tax Estimate","48","No"
"https://thesmartcalculator.com/financial/credit-card-payoff-calculator","200","Credit Card Payoff Calculator","29","No"
"https://thesmartcalculator.com/financial/credit-card-calculator","200","Credit Card Calculator","22","No"
"https://thesmartcalculator.com/financial/annuity-payout-calculator","200","Annuity Payout Calculator","25","No"
"https://thesmartcalculator.com/financial/annuity-calculator","200","Annuity Calculator","18","No"
"https://thesmartcalculator.com/financial/social-security-calculator","200","Social Security Calculator Benefit Estimate Tool","48","No"
"https://thesmartcalculator.com/financial/pension-calculator","200","Pension Calculator","18","No"
"https://thesmartcalculator.com/financial/savings-calculator","200","Savings Calculator Future Savings Growth","40","No"
"https://thesmartcalculator.com/financial/marriage-calculator","200","Marriage Calculator","19","No"
"https://thesmartcalculator.com/financial/sales-tax-calculator","200","Sales Tax Calculator","20","No"
"https://thesmartcalculator.com/financial/rent-calculator","200","Rent Calculator Monthly Rent Estimate","37","No"
"https://thesmartcalculator.com/financial/interest-rate-calculator","200","Interest Rate Calculator Loan & Savings Rates","45","No"
"https://thesmartcalculator.com/financial/income-tax-calculator","200","Income Tax Calculator Quick Tax Estimate","40","No"
"https://thesmartcalculator.com/financial/salary-calculator","200","Salary Calculator","17","No"
"https://thesmartcalculator.com/financial/auto-loan-calculator","200","Auto Loan Calculator","20","No"
"https://thesmartcalculator.com/financial/amortization-calculator","200","Amortization Calculator","23","No"
"https://thesmartcalculator.com/financial/mortgage-payoff-calculator","200","Mortgage Payoff Calculator","26","No"
"https://thesmartcalculator.com/financial/currency-calculator","200","currency converter","18","No"
"https://thesmartcalculator.com/financial/investment-calculator","200","Investment Calculator","21","No"
"https://thesmartcalculator.com/financial/retirement-calculator","200","Retirement Calculator","21","No"
"https://thesmartcalculator.com/health/pregnancy-calculator","200","Pregnancy Calculator - Pregnancy Timeline","41","No"
"https://thesmartcalculator.com/health/pregnancy-conception-calculator","200","Pregnancy Conception Calculator","31","No"
"https://thesmartcalculator.com/health/pregnancy-weight-gain-calculator","200","Pregnancy Weight Gain Calculator","32","No"
"https://thesmartcalculator.com/health/calories-burned-calculator","200","Calories Burned Calculator","26","No"
"https://thesmartcalculator.com/health/due-date-calculator","200","Due Date Calculator - Pregnancy Due Date","40","No"
"https://thesmartcalculator.com/health/pace-calculator","200","Pace Calculator - Running Pace Calculator","41","No"
"https://thesmartcalculator.com/health/one-rep-max-calculator","200","1RM Calculator - One-Rep Max Estimator","38","No"
"https://thesmartcalculator.com/health/army-body-fat-calculator","200","Army Body Fat Calculator","24","No"
"https://thesmartcalculator.com/health/target-heart-rate-calculator","200","Target Heart Rate Calculator","28","No"
"https://thesmartcalculator.com/health/protein-calculator","200","Protein Calculator - Daily Protein Needs","40","No"
"https://thesmartcalculator.com/health/healthy-weight-calculator","200","Healthy Weight Calculator - Healthy Weight Range","48","No"
"https://thesmartcalculator.com/health/fat-intake-calculator","200","Fat Intake Calculator - Daily Fat Requirement","45","No"
"https://thesmartcalculator.com/health/carbohydrate-calculator","200","Carbohydrate Calculator - Daily Carb Intake","43","No"
"https://thesmartcalculator.com/health/ovulation-calculator","200","Ovulation Calculator","20","No"
"https://thesmartcalculator.com/health/lean-body-mass-calculator","200","Lean Body Mass Calculator","25","No"
"https://thesmartcalculator.com/health/tdee-calculator","200","TDEE Calculator - Daily Calorie Needs","37","No"
"https://thesmartcalculator.com/health/conception-calculator","200","Conception Calculator","21","No"
"https://thesmartcalculator.com/health/gfr-calculator","200","GFR Calculator","14","No"
"https://thesmartcalculator.com/health/anorexic-bmi-calculator","200","Anorexic BMI Calculator","23","No"
"https://thesmartcalculator.com/health/ideal-weight-calculator","200","Ideal Weight Calculator - Ideal Weight Range","44","No"
"https://thesmartcalculator.com/health/overweight-calculator","200","Overweight Calculator","21","No"
"https://thesmartcalculator.com/health/body-type-calculator","200","Body Type Calculator","20","No"
"https://thesmartcalculator.com/health/period-calculator","200","Period Calculator - Menstrual Cycle Tracker","43","No"
"https://thesmartcalculator.com/health/bmr-calculator","200","BMR Calculator","14","No"
"https://thesmartcalculator.com/health/weight-watchers-points-calculator","200","Weight Watchers Points Calculator","33","No"
"https://thesmartcalculator.com/health/body-surface-area-calculator","200","Body Surface Area Calculator","28","No"
"https://thesmartcalculator.com/health/bac-calculator","200","Blood Alcohol Content Calculator","32","No"
"https://thesmartcalculator.com/health/body-fat-calculator","200","Body Fat Calculator","19","No"
"https://thesmartcalculator.com/health/macro-calculator","200","Macro Calculator","16","No"
"https://thesmartcalculator.com/health/rucking-calorie-calculator","200","Rucking Calorie Calculator - Calories Burned Rucking","52","No"
"https://thesmartcalculator.com/maths/empirical-rule-calculator","200","Empirical Rule Calculator (68-95-99.7 Rule)","43","No"
"https://thesmartcalculator.com/maths/square-root-curve-calculator","200","Square Root Curve Calculator","28","No"
"https://thesmartcalculator.com/maths/percent-error-calculator","200","Percent Error Calculator Error Percentage","41","No"
"https://thesmartcalculator.com/maths/critical-point-calculator","200","Critical Points Calculator","26","No"
"https://thesmartcalculator.com/maths/relative-extrema-calculator","200","Relative Extrema Calculator","27","No"
"https://thesmartcalculator.com/maths/simpsons-rule-calculator","200","Simpson's Rule Calculator","25","No"
"https://thesmartcalculator.com/maths/mean-value-theorem-calculator","200","Mean Value Theorem Calculator MVT Solver","40","No"
"https://thesmartcalculator.com/maths/random-number-generator","200","Random Number Generator Generate Random Numbers","47","No"
"https://thesmartcalculator.com/maths/scientific-calculator","200","Scientific Calculator","21","No"
"https://thesmartcalculator.com/maths/volume-calculator","200","Volume Calculator","17","No"
"https://thesmartcalculator.com/physics/orthogonal-projection-calculator","200","Orthogonal Projection Calculator","32","No"
"https://thesmartcalculator.com/physics/velocity-calculator","200","Velocity Calculator","19","No"
"https://thesmartcalculator.com/physics/ballistic-coefficient-calculator","200","Ballistic Coefficient Calculator","32","No"
"https://thesmartcalculator.com/physics/arrow-speed-calculator","200","Arrow Speed Calculator Arrow Velocity","37","No"
"https://thesmartcalculator.com/physics/car-jump-distance-calculator","200","Car Jump Distance Calculator Jump Distance","42","No"
"https://thesmartcalculator.com/physics/conservation-of-momentum-calculator","200","Conservation of Momentum Calculator","35","No"
"https://thesmartcalculator.com/construction/board-foot-calculator","200","Board Foot Calculator","21","No"
"https://thesmartcalculator.com/construction/paver-base-calculator","200","Paver Base Calculator","21","No"
"https://thesmartcalculator.com/construction/cubic-yard-calculator","200","Cubic Yard Calculator","21","No"
"https://thesmartcalculator.com/construction/gallons-per-square-foot-calculator","200","Gallons per Square Foot Calculator","34","No"
"https://thesmartcalculator.com/construction/size-to-weight-rectangular-cuboid-calculator","200","Size to Weight Calculator","25","No"
"https://thesmartcalculator.com/construction/square-feet-to-cubic-yards-calculator","200","Square Feet to Cubic Yards Calculator","37","No"
"https://thesmartcalculator.com/food/butter-calculator","200","Butter Conversion","17","No"
"https://thesmartcalculator.com/food/cake-pan-calculator","200","Cake Pan Converter Pan Size Conversion","38","No"
"https://thesmartcalculator.com/food/cooking-measurement-converter","200","Cooking Measurement Converter Kitchen Unit Converter","52","No"
"https://thesmartcalculator.com/food/dry-to-cooked-pasta-converter","200","Dry to Cooked Pasta Calculator - Pasta Conversion","49","No"
"https://thesmartcalculator.com/food/cups-to-pounds-converter","200","Cups to Pounds Converter","24","No"
"https://thesmartcalculator.com/sports/batting-average-calculator","200","Batting Average Calculator","26","No"
"https://thesmartcalculator.com/sports/earned-run-average-calculator","200","ERA Calculator","14","No"
"https://thesmartcalculator.com/sports/fielding-percentage-calculator","200","Fielding Percentage Calculator","30","No"
"https://thesmartcalculator.com/sports/fielding-independent-pitching-calculator","200","FIP Calculator Fielding Independent Pitching","44","No"
"https://thesmartcalculator.com/sports/magic-number-calculator","200","Magic Number Calculator","23","No"
"https://thesmartcalculator.com/games/mental-maths","200","Mental Math Practice – Boost Your Calculation Skills","52","No"
"https://thesmartcalculator.com/games/coin-saver-challenge","200","Coin Challenge Saving: Easy & Smart Way to Save Coins","53","No"
"https://thesmartcalculator.com/games/money-master","200","Counting Money Game for Kids | Free Online Practice","51","No"
"https://thesmartcalculator.com/games/cashier-simulator","200","Best Cashier Simulator Game Online & PC Experience","50","No"
"https://thesmartcalculator.com/games/grocery-cashier","200","Grocery Cashier Game","20","No"
"https://thesmartcalculator.com/towing-estimate-calculator","200","Towing Estimate Calculator","26","No"
"https://thesmartcalculator.com/age-calculator","200","Age Calculator","14","No"
"https://thesmartcalculator.com/acres-per-hour-calculator","200","Acres Per Hour Calculator | Mowing, Planting & More","51","No"
"https://thesmartcalculator.com/piecewise-function-calculator-grapher","200","Piecewise Function Calculator","29","No"
"https://thesmartcalculator.com/rpe-calculator","200","RPE Calculator","14","No"
"https://thesmartcalculator.com/indiana-child-support-calculator","200","Indiana Child Support Calculator","32","No"
"https://thesmartcalculator.com/time-calculator","200","Time Calculator","15","No"
"https://thesmartcalculator.com/gpa-calculator","200","GPA Calculator","14","No"
"https://thesmartcalculator.com/grade-curve-calculator","200","Grade Curve Calculator Free Online","34","No"
"https://thesmartcalculator.com/height-calculator","200","Height Calculator","17","No"
"https://thesmartcalculator.com/ip-subnet-calculator","200","IP Subnet Calculator Network Calculator","39","No"
"https://thesmartcalculator.com/software/website-cost-calculator","200","Website Cost Calculator – Get Accurate Development Quotes","57","No"
"https://thesmartcalculator.com/software/youtube-money-calculator","200","YouTube Money Calculator 2026 – Free YouTube Earnings Estimator","63","No"
"https://thesmartcalculator.com/software/app-cost-calculator","200","App Cost Calculator – Estimate Mobile App Development Cost","58","No"
"https://thesmartcalculator.com/enterprise-seo-roi-calculator","200","Enterprise SEO ROI Calculator","29","No"
"https://thesmartcalculator.com/business/break-even-calculator","200","Break-Even Calculator – Find Units & Sales Value","48","No"
"https://thesmartcalculator.com/business/startup-costs-calculator","200","Startup Costs Calculator – Estimate Launch Budget","49","No"
"https://thesmartcalculator.com/profile/pinterest-aura","200","pinterest aura's Profile - Community","36","No"
"https://thesmartcalculator.com/profile/zahan-uddin-khan","200","zahan uddin khan's Profile - Community","38","No"
