https://www.thesmartcalculator.com/pl,kalkulator online
https://www.thesmartcalculator.com/pl/finansowy,finansowy
https://www.thesmartcalculator.com/pl/finansowy/kalkulator-kredytu-hipotecznego,kalkulator kredytu hipotecznego
https://www.thesmartcalculator.com/pl/finansowy/kalkulator-kredytowy,kalkulator kredytowy
https://www.thesmartcalculator.com/pl/finansowy/kalkulator-procentu-skladanego,kalkulator procentu skladanego
https://www.thesmartcalculator.com/pl/finansowy/kalkulator-inflacji,kalkulator inflacji
https://www.thesmartcalculator.com/pl/finansowy/kalkulator-odsetek,kalkulator odsetek
https://www.thesmartcalculator.com/pl/finansowy/kalkulator-platnosci,kalkulator platnosci
https://www.thesmartcalculator.com/pl/finansowy/kalkulator-finansowy,kalkulator finansowy
https://www.thesmartcalculator.com/pl/finansowy/kalkulator-401-k,kalkulator 401 k
https://www.thesmartcalculator.com/pl/finansowy/kalkulator-dlugu-splaty-kalkulador,kalkulator dlugu splaty kalkulador
https://www.thesmartcalculator.com/pl/finansowy/kalkulator-dostepnosci-domu,kalkulator dostepnosci domu
https://www.thesmartcalculator.com/pl/finansowy/podatek-od-nieruchomosci-kalkulator,podatek od nieruchomosci kalkulator
https://www.thesmartcalculator.com/pl/finansowy/kalkulator-splaty-karty-kredytowej,kalkulator splaty karty kredytowej
https://www.thesmartcalculator.com/pl/finansowy/kalkulator-karty-kredytowej,kalkulator karty kredytowej
https://www.thesmartcalculator.com/pl/finansowy/kalkulator-wyplaty-renty,kalkulator wyplaty renty
https://www.thesmartcalculator.com/pl/finansowy/kalkulator-renty,kalkulator renty
https://www.thesmartcalculator.com/pl/finansowy/kalkulator-zus,kalkulator zus
https://www.thesmartcalculator.com/pl/finansowy/kalkulator-emerytury,kalkulator emerytury
https://www.thesmartcalculator.com/pl/finansowy/kalkulator-oszczednosci,kalkulator oszczednosci
https://www.thesmartcalculator.com/pl/finansowy/kalkulator-malzenski,kalkulator malzenski
https://www.thesmartcalculator.com/pl/finansowy/kalkulator-podatku-vat,kalkulator podatku vat
https://www.thesmartcalculator.com/pl/finansowy/kalkulator-czynszu,kalkulator czynszu
https://www.thesmartcalculator.com/pl/finansowy/kalkulator-stop-procentowych,kalkulator stop procentowych
https://www.thesmartcalculator.com/pl/finansowy/kalkulator-podatku-dochodowego,kalkulator podatku dochodowego
https://www.thesmartcalculator.com/pl/finansowy/kalkulator-wynagrodzen,kalkulator wynagrodzen
https://www.thesmartcalculator.com/pl/finansowy/kalkulator-kredytu-samochodowego,kalkulator kredytu samochodowego
https://www.thesmartcalculator.com/pl/finansowy/kalkulator-amortyzacji,kalkulator amortyzacji
https://www.thesmartcalculator.com/pl/finansowy/kalkulator-splaty-kredytu-hipotecznego,kalkulator splaty kredytu hipotecznego
https://www.thesmartcalculator.com/pl/finansowy/kalkulator-walutowy,kalkulator walutowy
https://www.thesmartcalculator.com/pl/finansowy/kalkulator-inwestycyjny,kalkulator inwestycyjny
https://www.thesmartcalculator.com/pl/finansowy/kalkulator-emerytalny,kalkulator emerytalny
,
https://www.thesmartcalculator.com/pl/zdrowie,zdrowie
https://www.thesmartcalculator.com/pl/zdrowie/kalkulator-bmi,kalkulator bmi
https://www.thesmartcalculator.com/pl/zdrowie/kalkulator-kalorii,kalkulator kalorii
https://www.thesmartcalculator.com/pl/zdrowie/kalkulator-ciazy,kalkulator ciazy
https://www.thesmartcalculator.com/pl/zdrowie/kalkulator-poczecia-i-ciazy,kalkulator poczecia i ciazy
https://www.thesmartcalculator.com/pl/zdrowie/kalkulator-przyrostu-wagi-w-ciazy,kalkulator przyrostu wagi w ciazy
https://www.thesmartcalculator.com/pl/zdrowie/kalkulator-spalonych-kalorii,kalkulator spalonych kalorii
https://www.thesmartcalculator.com/pl/zdrowie/kalkulator-terminu-porodu,kalkulator terminu porodu
https://www.thesmartcalculator.com/pl/zdrowie/kalkulator-tempa,kalkulator tempa
https://www.thesmartcalculator.com/pl/zdrowie/kalkulator-1rm,kalkulator 1rm
https://www.thesmartcalculator.com/pl/zdrowie/kalkulator-tluszczu-ciala-army,kalkulator tluszczu ciala army
https://www.thesmartcalculator.com/pl/zdrowie/kalkulator-strefy-tetna,kalkulator strefy tetna
https://www.thesmartcalculator.com/pl/zdrowie/kalkulator-bialka,kalkulator bialka
https://www.thesmartcalculator.com/pl/zdrowie/kalkulator-zdrowej-wagi,kalkulator zdrowej wagi
https://www.thesmartcalculator.com/pl/zdrowie/kalkulator-spozycia-tluszczu,kalkulator spozycia tluszczu
https://www.thesmartcalculator.com/pl/zdrowie/kalkulator-weglowodanow,kalkulator weglowodanow
https://www.thesmartcalculator.com/pl/zdrowie/kalkulator-owulacji,kalkulator owulacji
https://www.thesmartcalculator.com/pl/zdrowie/kalkulator-beztluszczowej-masy-ciala,kalkulator beztluszczowej masy ciala
https://www.thesmartcalculator.com/pl/zdrowie/kalkulator-tdee,kalkulator tdee
https://www.thesmartcalculator.com/pl/zdrowie/kalkulator-poczecia,kalkulator poczecia
https://www.thesmartcalculator.com/pl/zdrowie/kalkulator-gfr,kalkulator gfr
https://www.thesmartcalculator.com/pl/zdrowie/kalkulator-bmi-anoreksja,kalkulator bmi anoreksja
https://www.thesmartcalculator.com/pl/zdrowie/kalkulator-idealnej-wagi,kalkulator idealnej wagi
https://www.thesmartcalculator.com/pl/zdrowie/kalkulator-nadwagi,kalkulator nadwagi
https://www.thesmartcalculator.com/pl/zdrowie/kalkulator-typu-sylwetki,kalkulator typu sylwetki
https://www.thesmartcalculator.com/pl/zdrowie/kalkulator-okresu,kalkulator okresu
https://www.thesmartcalculator.com/pl/zdrowie/kalkulator-bmr,kalkulator bmr
https://www.thesmartcalculator.com/pl/zdrowie/kalkulator-punktow-weight-watchers,kalkulator punktow weight watchers
https://www.thesmartcalculator.com/pl/zdrowie/kalkulator-powierzchni-ciala,kalkulator powierzchni ciala
https://www.thesmartcalculator.com/pl/zdrowie/kalkulator-stezenia-alkoholu-we-krwi,kalkulator stezenia alkoholu we krwi
https://www.thesmartcalculator.com/pl/zdrowie/kalkulator-tkanki-tluszczowej,kalkulator tkanki tluszczowej
https://www.thesmartcalculator.com/pl/zdrowie/kalkulator-makro,kalkulator makro
https://www.thesmartcalculator.com/pl/zdrowie/kalkulator-kalorii-rucking,kalkulator kalorii rucking
,
https://www.thesmartcalculator.com/pl/matematyka,matematyka
https://www.thesmartcalculator.com/pl/matematyka/kalkulator-procentowy,kalkulator procentowy
https://www.thesmartcalculator.com/pl/matematyka/kalkulator-reguly-empirycznej,kalkulator reguly empirycznej
https://www.thesmartcalculator.com/pl/matematyka/kalkulator-krzywej-pierwiastka-kwadratowego,kalkulator krzywej pierwiastka kwadratowego
https://www.thesmartcalculator.com/pl/matematyka/kalkulator-bledu-procentowego,kalkulator bledu procentowego
https://www.thesmartcalculator.com/pl/matematyka/kalkulator-punktu-krytycznego,kalkulator punktu krytycznego
https://www.thesmartcalculator.com/pl/matematyka/kalkulator-ekstremow-wzglednych,kalkulator ekstremow wzglednych
https://www.thesmartcalculator.com/pl/matematyka/regula-simpsona,regula simpsona
https://www.thesmartcalculator.com/pl/matematyka/twierdzenie-o-wartosci-sredniej,twierdzenie o wartosci sredniej
https://www.thesmartcalculator.com/pl/matematyka/generator-liczb-losowych,generator liczb losowych
https://www.thesmartcalculator.com/pl/matematyka/kalkulator-naukowy,kalkulator naukowy
https://www.thesmartcalculator.com/pl/matematyka/kalkulator-objetosci,kalkulator objetosci
,
https://www.thesmartcalculator.com/pl/fizyka,fizyka
https://www.thesmartcalculator.com/pl/fizyka/kalkulator-rzutu-ortogonalnego,kalkulator rzutu ortogonalnego
https://www.thesmartcalculator.com/pl/fizyka/kalkulator-predkosci,kalkulator predkosci
https://www.thesmartcalculator.com/pl/fizyka/kalkulator-wspolczynnika-balistycznego,kalkulator wspolczynnika balistycznego
https://www.thesmartcalculator.com/pl/fizyka/kalkulator-predkosci-strzaly,kalkulator predkosci strzaly
https://www.thesmartcalculator.com/pl/fizyka/kalkulator-odleglosci-skoku-samochodu,kalkulator odleglosci skoku samochodu
https://www.thesmartcalculator.com/pl/fizyka/kalkulator-zachowanie-of-pedu-kalkulador,kalkulator zachowanie of pedu kalkulador
,
https://www.thesmartcalculator.com/pl/budowa,budowa
https://www.thesmartcalculator.com/pl/budowa/kalkulator-deski-sdopy-kalkulador,kalkulator deski sdopy kalkulador
https://www.thesmartcalculator.com/pl/budowa/kalkulator-podbudowy-brukowej,kalkulator podbudowy brukowej
https://www.thesmartcalculator.com/pl/budowa/kalkulator-szesciennych-jardow,kalkulator szesciennych jardow
https://www.thesmartcalculator.com/pl/budowa/kalkulator-galony-na-kwadradowy-sdopy-kalkulador,kalkulator galony na kwadradowy sdopy kalkulador
https://www.thesmartcalculator.com/pl/budowa/kalkulator-rozmiar-do-wagi-prostokatny-prostopadloscian-kalkulador,kalkulator rozmiar do wagi prostokatny prostopadloscian kalkulador
https://www.thesmartcalculator.com/pl/budowa/kalkulator-kwadradowy-stopy-do-szescienne-jards-kalkulador,kalkulator kwadradowy stopy do szescienne jards kalkulador
,
https://www.thesmartcalculator.com/pl/zywnosc,zywnosc
https://www.thesmartcalculator.com/pl/zywnosc/kalkulator-maslo-kalkulador,kalkulator maslo kalkulador
https://www.thesmartcalculator.com/pl/zywnosc/kalkulator-ciasto-patelnia-kalkulador,kalkulator ciasto patelnia kalkulador
https://www.thesmartcalculator.com/pl/zywnosc/kalkulator-gotowanie-pomiar-kalkulador,kalkulator gotowanie pomiar kalkulador
https://www.thesmartcalculator.com/pl/zywnosc/kalkulator-suchy-do-gotowany-makaron-kalkulador,kalkulator suchy do gotowany makaron kalkulador
https://www.thesmartcalculator.com/pl/zywnosc/kalkulator-kubki-do-funty-kalkulador,kalkulator kubki do funty kalkulador
,
https://www.thesmartcalculator.com/pl/lekkoatletyka,lekkoatletyka
https://www.thesmartcalculator.com/pl/lekkoatletyka/kalkulator-uderzen-srednia-kalkulador,kalkulator uderzen srednia kalkulador
https://www.thesmartcalculator.com/pl/lekkoatletyka/kalkulator-zdobyty-bieg-srednia-kalkulador,kalkulator zdobyty bieg srednia kalkulador
https://www.thesmartcalculator.com/pl/lekkoatletyka/kalkulator-obrona-procendowy-kalkulador,kalkulator obrona procendowy kalkulador
https://www.thesmartcalculator.com/pl/lekkoatletyka/kalkulator-obrona-niezalezny-rzucanie-kalkulador,kalkulator obrona niezalezny rzucanie kalkulador
https://www.thesmartcalculator.com/pl/lekkoatletyka/kalkulator-magiczny-liczba-kalkulador,kalkulator magiczny liczba kalkulador
,
https://www.thesmartcalculator.com/pl/oprogramowanie,oprogramowanie
https://www.thesmartcalculator.com/pl/oprogramowanie/kalkulator-kosztow-strony-internetowej,kalkulator kosztow strony internetowej
https://www.thesmartcalculator.com/pl/oprogramowanie/kalkulator-zarobkow-youtube,kalkulator zarobkow youtube
https://www.thesmartcalculator.com/pl/oprogramowanie/kalkulator-kosztow-aplikacji,kalkulator kosztow aplikacji
,
https://www.thesmartcalculator.com/pl/biznes,biznes
https://www.thesmartcalculator.com/pl/biznes/kalkulator-progu-rentownosci,kalkulator progu rentownosci
https://www.thesmartcalculator.com/pl/biznes/kalkulator-kosztow-rozpoczecia-dzialalnosci,kalkulator kosztow rozpoczecia dzialalnosci
,
https://www.thesmartcalculator.com/pl/inne,
https://www.thesmartcalculator.com/pl/kalkulator-kosztow-holowania,kalkulator kosztow holowania
https://www.thesmartcalculator.com/pl/kalkulator-wieku,kalkulator wieku
https://www.thesmartcalculator.com/pl/kalkulator-odcinkowy-funkcja-kalkulador-wykres-kalkulador,kalkulator odcinkowy funkcja kalkulador wykres kalkulador
https://www.thesmartcalculator.com/pl/kalkulator-rpe-kalkulador,kalkulator rpe kalkulador
https://www.thesmartcalculator.com/pl/kalkulator-indiana-dziecko-wsparcie-kalkulador,kalkulator indiana dziecko wsparcie kalkulador
https://www.thesmartcalculator.com/pl/kalkulator-czasu,kalkulator czasu
https://www.thesmartcalculator.com/pl/kalkulator-sredniej-ocen,kalkulator sredniej ocen
https://www.thesmartcalculator.com/pl/kalkulator-wzrostu,kalkulator wzrostu
https://www.thesmartcalculator.com/pl/kalkulator-podsieci-ip,kalkulator podsieci iph t t p s : / / w w w . t h e s m a r t c a l c u l a t o r . c o m / p l / f i n a n c i a l / r e v e r s e - s a l e s - t a x - c a l c u l a t o r  
 o d w r ó c o n y  
 k a l k u l a t o r  
 p o d a t k u  
 v a t  
 